Latitude,Longitude,Date,Time,Crime Type
18.50911800324316,73.83643734529143,2024-01-15,10:12,Tampering
18.508289327311406,73.82659880408809,2024-10-06,17:19,Robbery
18.560842412030418,73.80662387185554,2024-12-02,15:07,Tampering
18.485895659781757,73.88593801409559,2024-05-12,20:49,Robbery
18.557646781204383,73.94155318677015,2024-02-27,14:48,Accident
18.495143784063174,73.8136474202814,2024-06-05,18:30,Tampering
18.533869288800616,73.82739031620895,2024-03-23,21:22,Molestation
18.553287680408353,73.93179656173393,2024-05-16,22:34,Robbery
18.465044369918513,73.8188938814275,2024-08-23,10:41,Accident
18.512147118277184,73.80413125254778,2024-11-28,20:01,Accident
18.528699027169896,73.78530550343731,2024-01-31,15:03,Molestation
18.55016521572689,73.89066337657697,2024-06-04,05:41,Accident
18.53367430057356,73.81291785047958,2024-06-23,06:51,Kidnapping
18.49513498178647,73.79721358790376,2024-12-26,18:45,Tampering
18.51488553435156,73.83535603958714,2024-11-25,02:44,Robbery
18.556299509630534,73.93650131817071,2024-07-16,14:17,Tampering
18.550103094284953,73.79924548739292,2024-04-30,22:34,Tampering
18.512790017356544,73.90916970884616,2024-10-15,14:37,Molestation
18.44814241650608,73.9170430949111,2024-05-29,07:44,Molestation
18.47963041930088,73.9145257724842,2024-05-14,19:22,Kidnapping
18.461653514514637,73.79701210803711,2024-05-27,18:58,Tampering
18.454513245258312,73.9373185076862,2024-01-28,06:24,Murder
18.494857558446466,73.8999834680756,2024-11-20,05:33,Tampering
18.55994367325597,73.89323988096,2024-05-09,05:32,Tampering
18.48911730138478,73.9172518434902,2024-02-07,21:44,Robbery
18.549205168951023,73.91700280026835,2024-03-23,23:25,Murder
18.486788294947782,73.8199924539016,2024-10-30,09:06,Robbery
18.530985951432793,73.77424666804428,2024-09-27,14:07,Murder
18.478780311945798,73.8814718288057,2024-10-03,13:30,Robbery
18.509950460538185,73.93048526051493,2024-10-12,17:35,Robbery
18.565272556875925,73.90701358212745,2024-11-23,23:13,Kidnapping
18.5680636506897,73.8571877060346,2024-07-09,17:28,Robbery
18.568348875050084,73.78399993837958,2024-06-01,17:29,Kidnapping
18.558740596614207,73.80046239739924,2024-01-03,18:33,Robbery
18.499189289307267,73.76976940004303,2024-07-25,03:52,Rape
18.566435624753517,73.7762855337358,2024-06-11,12:35,Accident
18.446266738967854,73.8530633011227,2024-03-02,00:38,Molestation
18.450645890382823,73.86901244781131,2024-05-24,20:11,Robbery
18.486586389102236,73.8315929626945,2024-12-13,21:18,Tampering
18.446744861675185,73.90871519095559,2024-07-14,19:28,Kidnapping
18.446659850273267,73.852393972728,2024-11-25,19:15,Accident
18.54989374402397,73.9072016044317,2024-09-23,01:58,Accident
18.475319141233715,73.88307239528397,2024-02-24,19:13,Rape
18.531080605854562,73.90388286406757,2024-10-15,14:17,Rape
18.452208051879,73.83173470866284,2024-03-15,00:17,Robbery
18.55015679933582,73.91726928517336,2024-12-19,14:07,Robbery
18.541061646525286,73.89270195391218,2024-01-18,13:13,Robbery
18.453291902393776,73.88541116643381,2024-03-22,08:35,Kidnapping
18.482130405729865,73.86736944776817,2024-03-22,12:02,Accident
18.52510896174384,73.89225756777437,2024-03-24,10:09,Murder
18.485618432838308,73.87871515817228,2024-12-04,07:35,Molestation
18.500811724985976,73.92217511516651,2024-11-05,08:10,Robbery
18.531428245297665,73.77794339634042,2024-02-29,10:33,Accident
18.45315303825029,73.91932053839467,2024-01-03,22:13,Molestation
18.5623952088694,73.90025762328978,2024-04-14,03:20,Accident
18.540396846785796,73.89467695261952,2024-09-11,06:54,Accident
18.54593318463482,73.7908122500978,2024-04-27,22:48,Murder
18.487727460199146,73.79409919202249,2024-02-19,15:14,Accident
18.568112515465586,73.90979072299703,2024-07-13,01:38,Molestation
18.497603828765385,73.86856698987485,2024-01-18,07:07,Molestation
18.507658523305352,73.80942884285534,2024-04-22,18:18,Robbery
18.51573673866884,73.88896755088801,2024-06-04,03:04,Robbery
18.56710458459893,73.88035743033018,2024-09-25,21:06,Kidnapping
18.545261935365904,73.80228937752383,2024-05-26,02:14,Tampering
18.44720395302678,73.76574334150143,2024-03-07,21:45,Rape
18.50831724727417,73.9074183216388,2024-10-25,21:35,Tampering
18.47732403056274,73.79473304670614,2024-10-01,23:19,Accident
18.507688722927114,73.86569940501947,2024-09-24,20:02,Molestation
18.50105292839231,73.76679143978797,2024-02-26,00:00,Tampering
18.562154788091906,73.92373530995827,2024-06-16,07:20,Molestation
18.50344897986862,73.9257965111247,2024-05-25,13:26,Accident
18.53148781371927,73.81718915168908,2024-02-19,00:12,Robbery
18.51653934885427,73.81735270489452,2024-06-24,02:07,Murder
18.49781786570719,73.76892922407889,2024-09-27,15:04,Robbery
18.498561031734422,73.92657754564377,2024-02-02,23:20,Kidnapping
18.54877828516964,73.86584279104497,2024-08-05,16:44,Robbery
18.515740002921444,73.76185853052546,2024-05-20,09:26,Tampering
18.450867058205297,73.86456047836059,2024-02-07,07:11,Tampering
18.560649921151136,73.79813466098182,2024-07-06,05:12,Accident
18.540561984069882,73.9199032275531,2024-11-02,11:20,Accident
18.477437643665457,73.85963633085493,2024-03-13,17:59,Accident
18.561231739468894,73.9080552820836,2024-12-14,12:22,Robbery
18.51391345360256,73.76510189155564,2024-04-24,07:38,Robbery
18.563766967963765,73.85041794906574,2024-05-05,04:31,Molestation
18.539869483264166,73.936784793901,2024-08-21,22:53,Molestation
18.557843273174868,73.8565081019295,2024-03-08,18:49,Robbery
18.54025427561542,73.84271940216236,2024-08-28,20:33,Tampering
18.511330025836944,73.85674632862116,2024-04-26,09:01,Tampering
18.48870845403008,73.8609628867229,2024-10-02,22:35,Accident
18.56817682114622,73.85412268480134,2024-03-15,12:24,Molestation
18.46637665857867,73.86081363639127,2024-05-18,22:14,Accident
18.513654473192677,73.8806309706298,2024-12-09,19:38,Accident
18.52319531043482,73.79223416444276,2024-02-16,10:54,Robbery
18.496357860121414,73.78882167937223,2024-08-25,18:01,Molestation
18.450933899353352,73.78075066973494,2024-11-19,16:49,Molestation
18.524893286503826,73.9290696094108,2024-10-24,10:39,Tampering
18.482109689697587,73.79393930845092,2024-06-28,02:52,Tampering
18.465711576106827,73.7977672679408,2024-12-27,03:24,Molestation
18.464014916831562,73.8409133094891,2024-01-15,18:57,Robbery
18.553455841537403,73.88455900011284,2024-08-05,05:28,Kidnapping
18.447311532555922,73.78211210326414,2024-12-16,20:54,Robbery
18.527204521547095,73.8121845555266,2024-01-24,12:49,Molestation
18.54013557408301,73.90651265159502,2024-09-28,18:43,Robbery
18.460910175488543,73.839513724013,2024-03-29,19:59,Molestation
18.540448701857905,73.82407028384435,2024-06-21,22:38,Accident
18.450787031926705,73.93735647127743,2024-05-31,22:11,Robbery
18.48183654956581,73.8358723529355,2024-09-26,00:19,Tampering
18.54863702294599,73.90217796100805,2024-08-15,04:55,Kidnapping
18.507470828462917,73.87815000093192,2024-05-27,03:10,Molestation
18.554631342383257,73.81823052507286,2024-07-01,00:25,Molestation
18.565069573618008,73.78730905386078,2024-03-27,17:44,Rape
18.489461078948672,73.91278684560767,2024-07-30,03:02,Tampering
18.507071493657484,73.87336175232662,2024-12-12,18:33,Rape
18.475810551191163,73.82910999986525,2024-07-08,18:33,Robbery
18.445713877301717,73.77988518181067,2024-04-28,03:34,Accident
18.5555581610202,73.92831021436113,2024-03-14,00:39,Tampering
18.51997733317704,73.80539623692773,2024-02-05,03:54,Robbery
18.475500116057614,73.90288154913866,2024-06-04,12:07,Robbery
18.479239742704884,73.9408770243221,2024-03-11,15:09,Robbery
18.477084514673816,73.76969441822638,2024-07-28,02:37,Tampering
18.444912753297796,73.77543880187376,2024-11-19,10:37,Kidnapping
18.473891211414976,73.76803939262703,2024-02-21,23:54,Molestation
18.53457910484783,73.7809126987206,2024-04-22,00:36,Robbery
18.532777216530484,73.83135181388751,2024-02-18,05:49,Robbery
18.490729786695816,73.85510176658472,2024-12-05,18:27,Tampering
18.464938637802607,73.93078527736115,2024-07-22,07:07,Tampering
18.555957473680817,73.8022125872119,2024-07-28,10:41,Kidnapping
18.476009952513998,73.85306392246883,2024-06-10,08:25,Accident
18.5130550690529,73.79077653921038,2024-08-21,02:08,Accident
18.521845592286414,73.90431422040288,2024-01-16,23:53,Molestation
18.510516306048334,73.89952849082708,2024-04-07,01:15,Tampering
18.52910571604393,73.81341154163675,2024-06-12,01:41,Molestation
18.56077250800768,73.78534682164748,2024-05-26,19:35,Molestation
18.567765557926382,73.78296430046595,2024-09-14,18:52,Molestation
18.446129361183644,73.84342554711914,2024-10-31,21:23,Molestation
18.51386101501926,73.76353542789343,2024-04-30,23:32,Rape
18.482974749547754,73.83328737289641,2024-01-31,14:36,Kidnapping
18.486043384566866,73.88337886376357,2024-02-27,03:13,Tampering
18.44775364333156,73.80869696465398,2024-01-06,05:23,Tampering
18.462147424565376,73.806123180021,2024-11-22,00:34,Molestation
18.485009506172787,73.76326444954402,2024-04-21,11:14,Accident
18.468832862756333,73.92318567564284,2024-01-08,06:16,Accident
18.475518482565498,73.76038605361444,2024-08-03,21:38,Molestation
18.53846759194883,73.92514326084613,2024-09-20,04:03,Robbery
18.55993527024253,73.9074696473485,2024-02-13,22:01,Tampering
18.525596571823584,73.86222285836048,2024-07-24,16:26,Tampering
18.454677592430905,73.8960600739053,2024-12-10,07:50,Rape
18.475894200431313,73.82162742659519,2024-09-21,00:59,Molestation
18.49820920692707,73.83369187636795,2024-02-27,18:28,Accident
18.515417562086597,73.92078009480055,2024-07-25,21:46,Murder
18.526258123324876,73.89960928775459,2024-11-15,08:29,Robbery
18.50962119670239,73.76216005645855,2024-05-19,13:37,Tampering
18.535730401800723,73.80383606506359,2024-02-26,16:32,Accident
18.515224944360792,73.82877091031068,2024-01-11,23:21,Tampering
18.547586759624068,73.8126985381606,2024-08-07,22:17,Accident
18.502154363936153,73.84785131278527,2024-05-07,21:54,Tampering
18.562518603411448,73.78359123798951,2024-11-02,05:55,Accident
18.527081793246914,73.81821481065555,2024-02-16,22:29,Tampering
18.528041970715176,73.86515369851372,2024-01-12,02:15,Murder
18.533377945743247,73.91219775039514,2024-09-03,01:03,Accident
18.55010674488857,73.89151333051775,2024-09-15,21:22,Molestation
18.486376710815808,73.86728306758167,2024-02-29,11:23,Molestation
18.499094237401334,73.87436162279799,2024-07-02,01:01,Tampering
18.53201379224422,73.75958695568058,2024-08-03,10:26,Robbery
18.510191094695735,73.94182873562693,2024-02-02,15:31,Accident
18.49064884453308,73.86428711579708,2024-04-08,14:04,Tampering
18.502128651859735,73.83190389465761,2024-11-09,18:10,Tampering
18.53864324180563,73.90742468797302,2024-05-21,23:15,Accident
18.496078604486666,73.79324356268116,2024-07-03,00:32,Accident
18.55237533605405,73.77302650179652,2024-04-18,14:30,Robbery
18.470991403614267,73.76141272260487,2024-04-10,03:05,Robbery
18.467936531478948,73.87001617316716,2024-02-27,20:31,Molestation
18.454053486994695,73.76494618181657,2024-10-22,23:08,Robbery
18.460461387384736,73.85039252872134,2024-09-15,03:19,Robbery
18.48816430235258,73.89164357038165,2024-07-20,00:04,Robbery
18.469927239357947,73.86802073133697,2024-04-09,10:35,Robbery
18.463168454830996,73.81753924824244,2024-09-30,18:00,Tampering
18.52490978051765,73.78603507119995,2024-03-29,22:48,Robbery
18.46391195901369,73.90032334425155,2024-01-05,17:38,Robbery
18.568552251729237,73.86489129880093,2024-04-24,13:40,Accident
18.566031228147338,73.92920115726078,2024-04-24,11:15,Accident
18.48012761888067,73.92040386971524,2024-09-06,06:10,Acid Attacks
18.517136298385438,73.85075276533031,2024-01-07,18:31,Robbery
18.51854996675572,73.77829029061013,2024-11-06,09:54,Molestation
18.500386080128315,73.76739095659664,2024-02-27,14:54,Rape
18.491290115926876,73.81164350727349,2024-11-01,07:42,Robbery
18.450855908486176,73.86566988038861,2024-07-18,20:20,Murder
18.46583508064816,73.90749367476728,2024-11-03,21:48,Accident
18.561294394903896,73.80594446701456,2024-06-16,19:30,Accident
18.49962622322856,73.93428025407756,2024-03-29,02:57,Tampering
18.485762212654397,73.83597826183394,2024-12-08,22:33,Molestation
18.465328493386856,73.82087332804089,2024-09-18,07:38,Robbery
18.492286113466072,73.83816404267395,2024-01-28,04:36,Robbery
18.467434872069287,73.9376377770521,2024-02-25,12:54,Tampering
18.4492876759879,73.84307718031802,2024-05-28,05:47,Accident
18.56078660537076,73.93847647249162,2024-11-09,14:39,Molestation
18.453851200714606,73.7977888929746,2024-04-29,20:15,Murder
18.456248298442294,73.90614140049473,2024-08-27,09:28,Robbery
18.44832137575381,73.77897330507403,2024-08-30,19:07,Robbery
18.54795021860713,73.92439287660231,2024-06-26,19:26,Robbery
18.540037578730384,73.90141275894207,2024-11-17,18:21,Robbery
18.541119907859414,73.86638680430306,2024-03-18,10:12,Molestation
18.482693792980704,73.82589222917964,2024-11-14,19:30,Accident
18.47884402734833,73.82270452713094,2024-08-11,18:11,Tampering
18.535817542857533,73.86877312778631,2024-12-08,04:40,Tampering
18.48514025518353,73.83567501194659,2024-02-23,01:03,Tampering
18.461436016165024,73.91109944332942,2024-11-03,09:26,Rape
18.554047890485432,73.78333199678528,2024-11-01,01:14,Robbery
18.50627040381171,73.86335248939264,2024-11-01,18:30,Accident
18.47396534770265,73.86732217194039,2024-07-19,18:27,Tampering
18.454342125740574,73.75972116016867,2024-10-21,21:04,Murder
18.51058228297099,73.80573772106264,2024-08-10,00:37,Accident
18.468553654724353,73.88987460609593,2024-07-19,09:56,Tampering
18.457559997076704,73.91923434700479,2024-02-27,23:16,Accident
18.529126499663594,73.8236936955749,2024-10-13,06:35,Robbery
18.49492080071315,73.83313078208346,2024-12-08,03:57,Robbery
18.513679200131904,73.87113861943529,2024-08-13,00:00,Robbery
18.540111339878106,73.87952111486348,2024-06-10,14:49,Tampering
18.544482811488752,73.77726511810721,2024-01-27,18:22,Tampering
18.53324992631575,73.81173777175181,2024-03-13,23:30,Murder
18.529460434084182,73.89849466458426,2024-04-21,20:29,Robbery
18.56018078711574,73.82302653312506,2024-04-20,09:43,Molestation
18.567177206587488,73.93887904021327,2024-06-30,15:38,Rape
18.547676871821,73.77916297389864,2024-02-11,19:32,Accident
18.492264781582175,73.91105441419822,2024-01-14,14:43,Molestation
18.543457474180503,73.78057715638724,2024-08-30,13:05,Molestation
18.445038348867485,73.91119015704355,2024-07-22,23:28,Rape
18.53567958234785,73.84433643615765,2024-11-07,04:10,Robbery
18.544921450727383,73.92422237086323,2024-05-09,18:00,Molestation
18.47792740443456,73.77767875729317,2024-05-25,12:09,Murder
18.493966858181064,73.80811052571097,2024-05-22,02:17,Robbery
18.457077932478335,73.89209465889525,2024-05-21,04:03,Robbery
18.529968816453106,73.86121720938715,2024-01-25,03:49,Murder
18.49456384256191,73.87657298715946,2024-12-19,20:53,Accident
18.52783634689734,73.79080517108918,2024-05-26,00:52,Robbery
18.510985794445116,73.82823855309844,2024-07-14,22:47,Accident
18.54305104133744,73.90067547738704,2024-03-16,19:02,Robbery
18.493135843736177,73.78035585980184,2024-09-23,16:30,Molestation
18.513371178979707,73.93895193018096,2024-01-02,21:27,Robbery
18.476380266275214,73.92887647697448,2024-06-02,19:46,Robbery
18.53278504803244,73.76017883220796,2024-05-01,17:24,Tampering
18.495761709641755,73.76423089648857,2024-11-12,05:34,Robbery
18.544432203198593,73.77443601556206,2024-06-12,20:35,Robbery
18.550074825380666,73.80116260928507,2024-08-15,19:32,Molestation
18.494380290937038,73.9308734562805,2024-03-07,22:25,Robbery
18.477592624117054,73.92699640251753,2024-11-16,00:16,Kidnapping
18.549852290385584,73.8016000838956,2024-03-30,07:01,Robbery
18.47050152384926,73.845672639793,2024-04-08,11:56,Kidnapping
18.467218428249648,73.85087958006395,2024-09-03,20:42,Robbery
18.532987889461257,73.76575631931243,2024-07-18,08:47,Kidnapping
18.523079768850742,73.89077489727967,2024-09-19,09:11,Molestation
18.501435372600977,73.78723188905543,2024-12-27,05:47,Accident
18.51459278146829,73.785730461228,2024-09-12,21:58,Molestation
18.469384088737186,73.8263687111534,2024-08-22,15:42,Robbery
18.4835961011721,73.78509553667111,2024-07-19,06:33,Robbery
18.46555788811297,73.89588160285713,2024-01-01,02:19,Accident
18.522393264806514,73.90936637581886,2024-03-29,06:35,Tampering
18.487264708556427,73.83382977084442,2024-07-23,18:16,Molestation
18.46019992641713,73.775141877528,2024-05-21,23:06,Robbery
18.53289065543494,73.94120143586865,2024-01-23,14:38,Tampering
18.47291311172515,73.78676134695594,2024-11-17,16:14,Tampering
18.52271916706259,73.76589770248411,2024-06-19,04:04,Tampering
18.49699871424272,73.78285413669752,2024-04-15,15:08,Robbery
18.55190779318066,73.83828330808927,2024-06-12,16:22,Molestation
18.56617807051376,73.77998186130094,2024-12-18,09:28,Murder
18.560973981980933,73.84845791268268,2024-10-12,19:14,Robbery
18.54259548432517,73.85565323616636,2024-10-07,04:21,Rape
18.449872634132287,73.87050905422502,2024-01-30,13:24,Robbery
18.44631150895766,73.82542393172582,2024-11-30,20:32,Accident
18.548604551685685,73.92029437364125,2024-06-26,20:59,Tampering
18.511255082397565,73.8591320573968,2024-12-28,08:41,Tampering
18.543487779635218,73.77061760448981,2024-05-21,18:33,Tampering
18.50649577313032,73.76312859242624,2024-09-07,00:29,Robbery
18.46657651976874,73.75949745563454,2024-01-24,19:11,Robbery
18.49179792150257,73.79998921813,2024-11-14,14:03,Tampering
18.46481360704157,73.93414630880915,2024-11-15,07:11,Kidnapping
18.562931984449147,73.76545659793499,2024-11-08,01:02,Kidnapping
18.48369860857044,73.89260156462295,2024-01-10,08:28,Kidnapping
18.447985826561265,73.91101142908273,2024-07-11,21:52,Molestation
18.541339577569754,73.89414967922974,2024-10-08,17:02,Molestation
18.478717246044397,73.79451811834895,2024-01-03,17:03,Tampering
18.460039468378127,73.92026094492385,2024-02-08,14:27,Robbery
18.49773979395977,73.76038461368715,2024-11-01,01:04,Accident
18.541225804001463,73.78631695838,2024-01-09,14:38,Robbery
18.45337362499291,73.84581139234857,2024-09-05,19:44,Robbery
18.552112685141072,73.7978448734902,2024-06-07,08:29,Kidnapping
18.566675320471393,73.81871335840437,2024-05-09,12:18,Robbery
18.513329322683376,73.76690913022207,2024-07-13,04:10,Accident
18.529471073303245,73.83798340928094,2024-08-11,15:59,Kidnapping
18.546082446805965,73.84749353205773,2024-08-23,00:07,Accident
18.547843345747314,73.80205442087251,2024-09-18,03:52,Robbery
18.54547942890619,73.82777833818706,2024-10-18,01:57,Molestation
18.45747012062438,73.86133095652217,2024-09-26,13:11,Accident
18.552861624525278,73.80543247231759,2024-03-30,05:24,Accident
18.557848594340314,73.89090719137883,2024-09-07,18:01,Molestation
18.460985530869497,73.87986572424529,2024-02-28,16:37,Accident
18.491788399638537,73.82590338174141,2024-06-06,22:37,Robbery
18.45958541419885,73.8398580346536,2024-09-28,07:05,Molestation
18.50822124852181,73.86735379459869,2024-02-14,21:47,Robbery
18.56558195150182,73.93556956201432,2024-07-09,22:53,Kidnapping
18.55287995253489,73.77795915824115,2024-12-12,14:16,Tampering
18.559488124656866,73.79103377226829,2024-06-19,01:55,Accident
18.477654895404427,73.91748207814976,2024-01-21,09:25,Molestation
18.504267164759217,73.92426104511779,2024-04-25,09:08,Robbery
18.46707163942014,73.77068818082113,2024-06-22,05:27,Accident
18.54930929460653,73.76685946010261,2024-11-12,20:55,Accident
18.45044579968309,73.78059437263968,2024-04-25,04:49,Molestation
18.490348781530546,73.92976435399292,2024-12-12,18:33,Robbery
18.559617655645127,73.86256748867697,2024-12-10,23:51,Tampering
18.551065987884073,73.80105046474151,2024-04-12,13:21,Rape
18.494386387193614,73.92819715618718,2024-03-13,21:27,Murder
18.461549472212635,73.90276159947162,2024-04-30,06:22,Robbery
18.44959928518443,73.76743483309401,2024-11-20,14:13,Robbery
18.480647271426104,73.93341994143793,2024-05-06,03:41,Accident
18.537489869208546,73.92089397419944,2024-08-27,22:11,Accident
18.52182721316172,73.84687616338783,2024-10-22,16:37,Accident
18.56636579703607,73.82540519689685,2024-01-02,11:45,Tampering
18.51049624451372,73.9317800087622,2024-04-29,14:25,Tampering
18.453393174193174,73.87646381866003,2024-04-15,01:47,Tampering
18.519234508564907,73.76229405045062,2024-11-16,11:53,Robbery
18.47887523929665,73.87797151002908,2024-12-24,22:48,Accident
18.525614031876295,73.89366625887806,2024-02-05,09:19,Molestation
18.47211689603131,73.8282350583956,2024-09-06,18:43,Tampering
18.451264177041043,73.80928570734669,2024-08-31,12:09,Kidnapping
18.46320905364352,73.82894680210181,2024-04-06,15:33,Acid Attacks
18.53832516376016,73.89622967252276,2024-05-20,23:21,Accident
18.537824281513203,73.76080385630416,2024-09-18,23:22,Rape
18.469302973254518,73.89834017236647,2024-01-28,08:35,Molestation
18.481112125653997,73.90990356112248,2024-12-21,01:30,Robbery
18.520674295037214,73.88584104524331,2024-12-26,01:06,Accident
18.54250151569043,73.85145411492734,2024-03-09,11:47,Rape
18.48010496829181,73.89964935899303,2024-09-25,05:08,Kidnapping
18.45652741421145,73.93037611707827,2024-12-20,00:57,Molestation
18.561106501810972,73.81766122662935,2024-09-10,18:27,Tampering
18.45613542416632,73.77226967016149,2024-11-09,13:30,Accident
18.460996725695406,73.89303025473353,2024-11-06,15:26,Accident
18.512905572779992,73.77216061174737,2024-12-10,02:17,Rape
18.481502289886247,73.7863884225041,2024-12-01,02:18,Murder
18.49384513662972,73.83993817031607,2024-07-22,23:13,Accident
18.517451189791277,73.7931018430384,2024-07-28,03:43,Robbery
18.461206856032046,73.84613443200872,2024-01-07,10:48,Robbery
18.4526488943493,73.79485671117602,2024-08-12,05:44,Robbery
18.447455627698695,73.89004194131554,2024-06-07,08:16,Accident
18.451666923487746,73.91745806916947,2024-06-28,20:56,Kidnapping
18.450096281542894,73.9043863901529,2024-01-27,07:46,Tampering
18.449343781018555,73.9223386794623,2024-02-24,19:51,Murder
18.46721573372874,73.86078379569686,2024-09-28,03:02,Robbery
18.45975782559545,73.86309841341841,2024-06-14,20:19,Accident
18.518434951281336,73.79239982556422,2024-12-26,20:18,Robbery
18.450582741047832,73.79500128451943,2024-04-19,00:35,Kidnapping
18.498290260036832,73.79803241297701,2024-08-20,21:34,Accident
18.50377071003619,73.83709961271553,2024-10-27,18:11,Accident
18.531930074311493,73.83890946359465,2024-12-22,15:59,Molestation
18.456052974055197,73.87010888497818,2024-09-13,03:57,Accident
18.459199423683327,73.92155217312252,2024-02-14,23:26,Kidnapping
18.512433724539584,73.83123066660859,2024-07-07,13:56,Accident
18.462410338780856,73.94127600805723,2024-12-23,19:49,Tampering
18.5318201198182,73.7674700720511,2024-06-22,20:18,Robbery
18.453347757390148,73.91902010955465,2024-12-29,08:02,Robbery
18.497141312949374,73.89256209113823,2024-07-12,02:20,Accident
18.54643783084628,73.8065983274055,2024-10-16,15:32,Tampering
18.46818489889375,73.93717259393425,2024-11-01,21:02,Murder
18.503963584952967,73.78075098712208,2024-03-12,18:37,Robbery
18.517699963505702,73.84277266039682,2024-11-17,08:34,Tampering
18.548017813809142,73.8062708847558,2024-05-14,09:57,Robbery
18.474865358510623,73.91459763486775,2024-06-10,19:30,Acid Attacks
18.50567401832048,73.91258185137603,2024-10-16,04:28,Robbery
18.482401665074136,73.83220631619099,2024-01-20,02:47,Tampering
18.567511728822055,73.7631051337162,2024-08-19,11:54,Accident
18.507504051962172,73.91305103818895,2024-01-18,05:26,Tampering
18.50365065598762,73.83426844588125,2024-10-07,08:58,Kidnapping
18.545386399932557,73.76812279469587,2024-03-23,21:53,Robbery
18.559983299535094,73.78487511897819,2024-08-17,13:26,Molestation
18.547965606715202,73.93392249803586,2024-06-09,22:05,Tampering
18.496144605852862,73.89889945131141,2024-04-19,21:58,Molestation
18.507412525466393,73.92055541592154,2024-12-27,10:30,Kidnapping
18.453810340436174,73.91907155829131,2024-05-22,22:12,Robbery
18.453863299900103,73.9007248636912,2024-08-22,02:49,Molestation
18.564057033411697,73.92036758951141,2024-02-15,18:52,Molestation
18.522340928922702,73.86483363195788,2024-02-09,08:50,Robbery
18.509974747542515,73.85921955127242,2024-08-25,20:02,Molestation
18.552866705379177,73.8948024869107,2024-12-31,18:25,Robbery
18.447235193673638,73.92643530685072,2024-04-10,14:09,Accident
18.47237832869027,73.8582579734799,2024-11-24,11:16,Robbery
18.457328275493833,73.9235564225467,2024-01-19,18:53,Molestation
18.497136495896207,73.8824004248506,2024-03-07,19:29,Tampering
18.557698178628137,73.91912140704488,2024-02-22,11:05,Accident
18.47766845889323,73.77548549650986,2024-09-12,22:34,Accident
18.51216707233227,73.89496525549703,2024-12-03,04:17,Robbery
18.486744662596315,73.79861846735841,2024-10-06,02:36,Accident
18.51840007460658,73.88389850826788,2024-02-09,07:01,Murder
18.50204148128923,73.90914043988755,2024-04-14,05:40,Rape
18.519213565551414,73.7775083321258,2024-11-15,17:14,Acid Attacks
18.50484162634312,73.86539753946668,2024-01-07,06:40,Kidnapping
18.556484890752415,73.91530158059248,2024-10-28,03:30,Molestation
18.481209590756823,73.92227594467607,2024-04-18,03:53,Accident
18.553240799527927,73.87537296206646,2024-12-03,18:00,Molestation
18.482060280473707,73.86696392674536,2024-08-24,12:47,Robbery
18.567252127373052,73.86866435232902,2024-07-29,00:04,Accident
18.484783770010413,73.80949287389406,2024-03-30,23:11,Tampering
18.530307847762913,73.93791177494677,2024-06-26,20:41,Robbery
18.55324130911321,73.88040715105848,2024-04-01,18:23,Molestation
18.495433825350162,73.88221237059953,2024-04-09,15:51,Robbery
18.522443505055254,73.86433153314286,2024-12-01,01:55,Molestation
18.45219563447177,73.90822452374793,2024-12-03,01:18,Accident
18.500176839419524,73.84730709813465,2024-07-02,12:43,Rape
18.452659241082866,73.87545084413323,2024-11-20,16:54,Tampering
18.5610027542688,73.92616349648824,2024-02-24,09:48,Accident
18.52991075699043,73.80591831315716,2024-06-22,12:41,Accident
18.46761985870775,73.81846350401386,2024-11-09,05:40,Tampering
18.45780079134886,73.8553216290854,2024-02-14,02:12,Accident
18.56157578399357,73.94064524148864,2024-01-10,20:08,Rape
18.53893054428627,73.77049707831617,2024-02-02,12:02,Molestation
18.50278120794448,73.84081715207344,2024-09-12,19:33,Robbery
18.460369568530304,73.78160323827088,2024-07-31,19:34,Molestation
18.461288123449922,73.85252071083592,2024-09-24,08:32,Robbery
18.54742724122154,73.88156839209955,2024-09-28,12:21,Kidnapping
18.465850591174238,73.91830856293998,2024-11-20,00:43,Tampering
18.496724065299805,73.90506296293725,2024-10-19,06:36,Robbery
18.527403677991813,73.86400540711006,2024-02-01,22:01,Accident
18.476119341329543,73.8141355151427,2024-07-10,23:35,Robbery
18.565019008538453,73.90122638802048,2024-07-04,13:57,Accident
18.561154257375645,73.82897106544327,2024-03-29,12:47,Robbery
18.548189228390033,73.89454370311552,2024-06-30,16:42,Robbery
18.52169358072758,73.8885904312807,2024-05-16,23:34,Murder
18.481555065509475,73.80783573746594,2024-03-18,17:32,Robbery
18.492278526142744,73.8277110218572,2024-12-18,16:24,Kidnapping
18.451283396666184,73.82273242527505,2024-03-17,16:34,Robbery
18.547257884340677,73.86546212440597,2024-07-01,08:26,Robbery
18.56320768583376,73.93891531381706,2024-06-02,18:17,Robbery
18.567263635363794,73.9012860374939,2024-11-23,21:30,Molestation
18.52931024537963,73.88352007840321,2024-11-12,01:28,Molestation
18.548558302290388,73.82315721925232,2024-05-08,08:04,Molestation
18.53807641949712,73.79280216594933,2024-02-11,12:55,Accident
18.452747858944388,73.88585299313291,2024-02-26,21:40,Tampering
18.51590798919616,73.80350456241949,2024-10-23,10:01,Robbery
18.54023401083769,73.81747958600452,2024-01-07,17:03,Robbery
18.468183046123965,73.93312732974194,2024-12-11,01:32,Molestation
18.456478497662122,73.85809802213714,2024-03-18,03:00,Accident
18.462804685158364,73.85181782618827,2024-01-15,18:25,Robbery
18.554749440944086,73.83630046844127,2024-01-07,01:58,Kidnapping
18.459998373037024,73.77222886305276,2024-01-23,19:02,Robbery
18.486497375948293,73.77130333679565,2024-03-29,04:56,Rape
18.52071223941437,73.89550358133661,2024-07-25,20:20,Robbery
18.53008326633479,73.94169785831319,2024-12-22,20:11,Robbery
18.507070270598682,73.89697148544523,2024-02-25,00:18,Molestation
18.484513886213076,73.8555146642652,2024-11-19,09:24,Molestation
18.563531831723935,73.84808706542609,2024-06-13,20:47,Molestation
18.473960897130983,73.9386073107566,2024-11-25,11:10,Tampering
18.456610958717558,73.83003909208556,2024-10-29,01:26,Accident
18.483428557415213,73.8522751313523,2024-04-14,19:41,Molestation
18.53099231993403,73.84064759967363,2024-03-18,07:05,Tampering
18.478277443385256,73.91103399605679,2024-07-18,23:46,Murder
18.475112661154146,73.82880720039503,2024-03-08,04:01,Accident
18.48465227679312,73.82587404771901,2024-04-22,17:09,Molestation
18.46276810822326,73.86108023112808,2024-01-20,16:23,Accident
18.518430991428524,73.90437335230979,2024-05-14,02:17,Kidnapping
18.49147639056892,73.85358685127552,2024-02-20,20:05,Rape
18.472073876041776,73.8256509779802,2024-05-23,15:35,Accident
18.565885107796635,73.8609458601513,2024-02-15,03:20,Robbery
18.53178053378608,73.93409230262382,2024-04-29,11:33,Murder
18.481883816271008,73.77909966705523,2024-03-26,08:26,Robbery
18.495932954947744,73.87640463974748,2024-01-23,00:52,Tampering
18.455982267201843,73.9266816821685,2024-01-31,04:35,Accident
18.470362387155998,73.86819015738119,2024-09-09,07:03,Accident
18.553723066314234,73.89384263969879,2024-02-08,17:58,Murder
18.5350137710546,73.78035865541565,2024-12-19,18:00,Robbery
18.52930516180413,73.80779859894359,2024-09-23,05:24,Murder
18.56105333609154,73.93740553655255,2024-12-08,01:48,Robbery
18.45014882412603,73.90727901037222,2024-10-14,20:13,Kidnapping
18.508668158644056,73.7722643604439,2024-04-10,19:50,Robbery
18.48268485182383,73.93414831313646,2024-01-24,10:50,Tampering
18.53394495629192,73.76868854367122,2024-08-27,14:27,Kidnapping
18.502381693763123,73.81045352943836,2024-12-02,01:02,Accident
18.461591441344062,73.87490632890331,2024-02-17,18:51,Rape
18.563601372025833,73.77226726765599,2024-06-22,07:45,Murder
18.55854383198544,73.91463293415757,2024-10-06,10:08,Robbery
18.469476364745166,73.8524756577495,2024-02-12,18:13,Robbery
18.46019298185391,73.76008295886312,2024-05-17,11:59,Robbery
18.50725921905864,73.81568382799539,2024-03-29,03:40,Robbery
18.50406803501172,73.78846881161593,2024-01-31,23:01,Accident
18.496314059513317,73.76309188412392,2024-08-10,10:08,Tampering
18.510962064684957,73.82754341522872,2024-12-06,04:58,Robbery
18.452148360990517,73.83493840660766,2024-10-11,14:17,Molestation
18.48412734750066,73.88203991592155,2024-09-12,19:03,Accident
18.536884547533,73.78586525932852,2024-05-06,22:48,Kidnapping
18.511338953408625,73.92154378362216,2024-01-31,06:53,Robbery
18.53761009114696,73.8525247053049,2024-04-18,07:17,Molestation
18.522122169962746,73.83246916682032,2024-03-08,21:26,Robbery
18.46154093029351,73.82283074986924,2024-07-03,14:43,Rape
18.474947844447737,73.86746263694572,2024-01-21,15:17,Robbery
18.509013701926545,73.84610497529836,2024-09-28,19:22,Molestation
18.546735691990214,73.77153843207358,2024-03-12,19:00,Robbery
18.464061022589902,73.83100077289008,2024-02-14,05:33,Molestation
18.55039079777863,73.91183980314634,2024-10-08,05:08,Kidnapping
18.565163142969944,73.86488082803562,2024-08-20,10:00,Robbery
18.54875562791967,73.93493343935864,2024-04-06,18:09,Accident
18.536542224610635,73.84388728277625,2024-11-28,09:42,Tampering
18.512408399949447,73.9256577389294,2024-09-24,04:07,Rape
18.556236303363796,73.81147548601838,2024-11-18,13:50,Robbery
